child_id,session_date,session_duration,attempt_count,success_count,skip_count,assigned_exercises,practice_days_7d,difficulty_level,success_rate,skip_rate,pattern
C001,2026-08-20,6.0,4,3,1,3,1,1,0.75,0.33,Low
C001,2026-08-20,5.2,12,11,0,8,1,1,0.92,0.0,Low
C001,2026-08-16,10.0,12,11,0,4,1,3,0.92,0.0,Low
C001,2026-08-19,10.7,7,6,1,6,2,1,0.86,0.17,Low
C001,2026-08-21,6.1,15,13,1,4,4,2,0.87,0.25,Low
C001,2026-08-15,7.4,10,8,0,3,1,2,0.8,0.0,Low
C001,2026-08-21,11.8,15,13,1,3,5,2,0.87,0.33,Low
C001,2026-08-15,9.9,8,7,1,7,1,1,0.88,0.14,Low
C001,2026-08-20,11.1,8,8,0,4,4,2,1.0,0.0,Low
C001,2026-08-17,7.5,14,11,1,6,3,3,0.79,0.17,Low
C002,2026-08-19,7.8,14,7,3,8,1,3,0.5,0.38,Medium
C002,2026-08-26,9.9,6,4,2,4,1,3,0.67,0.5,Medium
C002,2026-08-26,8.6,7,4,3,7,1,1,0.57,0.43,Medium
C002,2026-08-18,5.3,9,5,2,3,1,3,0.56,0.67,Medium
C002,2026-08-29,6.4,9,6,1,8,2,3,0.67,0.12,Medium
C002,2026-08-22,7.4,8,5,1,4,3,2,0.62,0.25,Medium
C002,2026-08-26,5.3,10,6,3,7,2,1,0.6,0.43,Medium
C002,2026-08-23,4.9,5,4,1,6,4,1,0.8,0.17,Medium
C002,2026-08-27,6.3,10,5,3,8,4,2,0.5,0.38,Medium
C002,2026-08-23,4.7,12,8,1,5,4,3,0.67,0.2,Medium
C003,2026-09-08,4.6,14,5,4,5,1,2,0.36,0.8,High
C003,2026-08-15,6.6,15,10,4,8,1,3,0.67,0.5,High
C003,2026-09-13,5.0,14,8,3,3,2,1,0.57,1.0,High
C003,2026-08-19,4.9,6,3,2,5,2,1,0.5,0.4,High
C003,2026-09-13,7.3,8,3,3,5,2,1,0.38,0.6,High
C003,2026-08-17,6.6,11,4,8,8,2,1,0.36,1.0,High
C003,2026-08-19,5.2,11,4,6,8,3,3,0.36,0.75,High
C003,2026-08-28,6.3,12,6,4,4,1,2,0.5,1.0,High
C003,2026-09-05,4.7,9,6,5,8,1,1,0.67,0.62,High
C003,2026-08-22,3.4,9,5,2,3,3,1,0.56,0.67,High
C004,2026-08-15,11.3,15,12,0,3,1,2,0.8,0.0,Low
C004,2026-08-15,6.5,7,6,1,7,1,1,0.86,0.14,Low
C004,2026-08-20,8.3,13,11,1,7,2,2,0.85,0.14,Low
C004,2026-08-16,7.9,5,4,1,3,2,3,0.8,0.33,Low
C004,2026-08-15,10.1,14,11,0,8,1,1,0.79,0.0,Low
C004,2026-08-16,6.3,7,5,1,4,2,2,0.71,0.25,Low
C004,2026-08-16,12.0,11,8,0,3,2,1,0.73,0.0,Low
C004,2026-08-15,6.5,6,5,1,4,1,2,0.83,0.25,Low
C004,2026-08-15,6.9,10,10,0,4,1,2,1.0,0.0,Low
C004,2026-08-17,7.1,15,12,1,6,3,1,0.8,0.17,Low
C005,2026-08-24,4.3,12,9,1,8,1,3,0.75,0.12,Medium
C005,2026-08-22,7.0,12,6,1,7,1,1,0.5,0.14,Medium
C005,2026-08-16,6.4,5,4,3,7,1,3,0.8,0.43,Medium
C005,2026-08-18,6.5,13,9,1,7,2,3,0.69,0.14,Medium
C005,2026-08-24,8.3,9,5,2,7,3,1,0.56,0.29,Medium
C005,2026-08-19,6.7,6,4,3,6,3,1,0.67,0.5,Medium
C005,2026-08-15,4.4,13,10,3,6,1,1,0.77,0.5,Medium
C005,2026-08-23,9.3,6,5,2,5,4,2,0.83,0.4,Medium
C005,2026-08-19,7.7,11,8,3,4,4,3,0.73,0.75,Medium
C005,2026-08-23,8.0,14,8,3,3,4,1,0.57,1.0,Medium
C006,2026-08-23,5.6,5,2,2,3,1,3,0.4,0.67,High
C006,2026-08-25,5.0,14,8,4,4,2,2,0.57,1.0,High
C006,2026-09-12,2.3,5,3,3,3,1,2,0.6,1.0,High
C006,2026-09-08,4.7,14,5,3,4,1,3,0.36,0.75,High
C006,2026-08-28,7.3,4,1,2,7,3,1,0.25,0.29,High
C006,2026-09-01,2.3,9,4,2,3,2,2,0.44,0.67,High
C006,2026-09-12,6.0,9,5,2,3,2,2,0.56,0.67,High
C006,2026-09-08,7.6,10,6,6,7,1,1,0.6,0.86,High
C006,2026-09-11,6.4,6,2,3,4,2,2,0.33,0.75,High
C006,2026-09-09,6.7,14,6,3,6,2,1,0.43,0.5,High
C007,2026-08-18,11.4,11,9,0,3,1,2,0.82,0.0,Low
C007,2026-08-17,7.8,7,6,0,4,1,2,0.86,0.0,Low
C007,2026-08-21,7.8,8,7,1,3,3,3,0.88,0.33,Low
C007,2026-08-17,11.7,5,4,1,3,1,2,0.8,0.33,Low
C007,2026-08-15,10.5,13,11,1,3,1,2,0.85,0.33,Low
C007,2026-08-19,6.3,5,5,1,7,4,1,1.0,0.14,Low
C007,2026-08-20,5.5,4,3,0,6,5,3,0.75,0.0,Low
C007,2026-08-17,7.1,9,8,0,7,2,2,0.89,0.0,Low
C007,2026-08-20,8.9,9,8,1,6,5,1,0.89,0.17,Low
C007,2026-08-18,7.1,10,9,0,8,3,3,0.9,0.0,Low
C008,2026-08-28,8.7,8,5,2,3,1,3,0.62,0.67,Medium
C008,2026-08-25,5.3,11,7,2,5,1,2,0.64,0.4,Medium
C008,2026-08-27,7.1,6,3,3,8,2,3,0.5,0.38,Medium
C008,2026-08-24,5.3,5,4,1,5,1,1,0.8,0.2,Medium
C008,2026-08-17,7.7,4,3,1,3,1,1,0.75,0.33,Medium
C008,2026-08-22,8.2,14,8,3,6,2,2,0.57,0.5,Medium
C008,2026-08-21,9.4,6,4,3,4,2,1,0.67,0.75,Medium
C008,2026-08-27,8.2,7,5,1,6,5,2,0.71,0.17,Medium
C008,2026-08-15,8.8,7,4,1,7,1,3,0.57,0.14,Medium
C008,2026-08-23,9.3,13,10,2,7,4,3,0.77,0.29,Medium
C009,2026-09-10,5.3,12,7,5,8,1,1,0.58,0.62,High
C009,2026-09-07,7.0,11,6,4,6,1,2,0.55,0.67,High
C009,2026-09-08,4.6,11,4,7,7,2,3,0.36,1.0,High
C009,2026-08-24,5.2,8,3,3,4,1,1,0.38,0.75,High
C009,2026-08-19,3.3,10,4,4,4,1,2,0.4,1.0,High
C009,2026-08-28,3.2,12,5,5,5,2,2,0.42,1.0,High
C009,2026-08-27,6.6,15,9,2,7,2,2,0.6,0.29,High
C009,2026-08-30,7.1,9,5,3,3,4,2,0.56,1.0,High
C009,2026-09-01,7.4,15,9,6,8,4,2,0.6,0.75,High
C009,2026-08-22,4.0,10,3,5,5,2,3,0.3,1.0,High
C010,2026-08-21,11.4,15,14,0,6,1,3,0.93,0.0,Low
C010,2026-08-19,8.0,10,8,0,3,1,2,0.8,0.0,Low
C010,2026-08-16,8.2,8,7,1,3,1,2,0.88,0.33,Low
C010,2026-08-21,5.6,8,7,1,6,3,1,0.88,0.17,Low
C010,2026-08-20,5.5,4,3,1,7,3,3,0.75,0.14,Low
C010,2026-08-15,9.3,7,7,0,3,1,1,1.0,0.0,Low
C010,2026-08-16,6.5,14,12,0,6,2,3,0.86,0.0,Low
C010,2026-08-17,6.1,6,6,0,5,3,2,1.0,0.0,Low
C010,2026-08-15,11.4,4,4,1,7,1,2,1.0,0.14,Low
C010,2026-08-18,10.8,7,6,0,8,4,1,0.86,0.0,Low
C011,2026-08-16,4.7,8,5,3,8,1,3,0.62,0.38,Medium
C011,2026-08-27,6.2,9,6,3,3,1,3,0.67,1.0,Medium
C011,2026-08-25,4.6,4,3,2,5,1,2,0.75,0.4,Medium
C011,2026-08-25,8.4,15,9,1,6,1,3,0.6,0.17,Medium
C011,2026-08-19,9.0,12,8,2,7,2,3,0.67,0.29,Medium
C011,2026-08-19,6.7,7,4,1,5,2,2,0.57,0.2,Medium
C011,2026-08-24,7.0,14,8,2,7,2,2,0.57,0.29,Medium
C011,2026-08-17,6.0,7,5,2,6,2,3,0.71,0.33,Medium
C011,2026-08-26,5.1,12,8,1,5,3,1,0.67,0.2,Medium
C011,2026-08-26,8.1,11,8,3,6,3,3,0.73,0.5,Medium
C012,2026-09-06,3.3,11,4,2,6,1,3,0.36,0.33,High
C012,2026-08-22,5.2,14,7,4,5,1,2,0.5,0.8,High
C012,2026-09-07,3.6,9,5,4,7,2,2,0.56,0.57,High
C012,2026-08-22,6.5,15,6,2,3,1,3,0.4,0.67,High
C012,2026-08-20,6.3,7,3,4,4,1,3,0.43,1.0,High
C012,2026-09-03,4.2,5,2,3,5,1,2,0.4,0.6,High
C012,2026-08-15,7.8,12,5,3,8,1,3,0.42,0.38,High
C012,2026-08-24,4.9,6,4,7,8,3,1,0.67,0.88,High
C012,2026-09-02,3.1,11,5,5,5,1,1,0.45,1.0,High
C012,2026-08-23,2.4,5,2,2,6,3,3,0.4,0.33,High
C013,2026-08-20,11.6,6,6,0,3,1,1,1.0,0.0,Low
C013,2026-08-16,10.5,12,11,1,3,1,1,0.92,0.33,Low
C013,2026-08-21,7.1,10,10,1,7,3,3,1.0,0.14,Low
C013,2026-08-18,10.2,13,12,0,5,2,1,0.92,0.0,Low
C013,2026-08-20,6.2,8,6,0,4,3,1,0.75,0.0,Low
C013,2026-08-16,8.3,10,9,1,3,1,1,0.9,0.33,Low
C013,2026-08-16,8.2,15,14,1,5,1,3,0.93,0.2,Low
C013,2026-08-16,8.8,14,12,0,5,1,3,0.86,0.0,Low
C013,2026-08-16,10.5,6,5,0,5,1,3,0.83,0.0,Low
C013,2026-08-20,9.8,8,6,1,7,3,3,0.75,0.14,Low
C014,2026-08-21,4.5,12,8,3,5,1,1,0.67,0.6,Medium
C014,2026-08-29,4.2,15,10,2,6,1,1,0.67,0.33,Medium
C014,2026-08-25,8.0,13,10,1,7,2,2,0.77,0.14,Medium
C014,2026-08-24,6.7,6,4,2,3,2,2,0.67,0.67,Medium
C014,2026-08-17,9.8,10,7,3,7,1,2,0.7,0.43,Medium
C014,2026-08-20,9.1,9,6,2,6,2,2,0.67,0.33,Medium
C014,2026-08-21,6.4,11,8,2,8,3,3,0.73,0.25,Medium
C014,2026-08-15,4.7,5,3,2,6,1,2,0.6,0.33,Medium
C014,2026-08-28,6.8,4,3,3,7,3,1,0.75,0.43,Medium
C014,2026-08-18,7.8,9,7,3,7,3,1,0.78,0.43,Medium
C015,2026-08-21,4.6,12,7,3,5,1,3,0.58,0.6,High
C015,2026-08-30,3.9,4,2,2,3,1,1,0.5,0.67,High
C015,2026-09-01,7.5,5,3,3,6,2,2,0.6,0.5,High
C015,2026-09-14,6.3,14,7,2,3,1,3,0.5,0.67,High
C015,2026-09-06,3.5,10,6,5,5,2,3,0.6,1.0,High
C015,2026-08-19,7.3,7,3,6,6,1,1,0.43,1.0,High
C015,2026-08-23,2.0,9,4,6,6,3,3,0.44,1.0,High
C015,2026-08-24,2.9,13,6,7,7,4,3,0.46,1.0,High
C015,2026-08-30,3.9,9,4,5,5,2,1,0.44,1.0,High
C015,2026-09-06,6.7,13,5,3,4,2,1,0.38,0.75,High
C016,2026-08-17,9.6,11,9,1,8,1,3,0.82,0.12,Low
C016,2026-08-16,9.1,4,4,0,6,1,1,1.0,0.0,Low
C016,2026-08-21,6.0,5,4,1,6,3,3,0.8,0.17,Low
C016,2026-08-16,9.8,11,9,1,3,1,3,0.82,0.33,Low
C016,2026-08-15,9.4,14,14,1,5,1,2,1.0,0.2,Low
C016,2026-08-21,9.8,4,3,0,7,4,2,0.75,0.0,Low
C016,2026-08-16,10.3,5,5,1,8,2,3,1.0,0.12,Low
C016,2026-08-21,11.3,11,10,0,3,4,1,0.91,0.0,Low
C016,2026-08-17,6.0,8,7,1,3,3,3,0.88,0.33,Low
C016,2026-08-18,5.6,14,11,0,7,4,2,0.79,0.0,Low
C017,2026-08-24,4.9,7,5,2,8,1,2,0.71,0.25,Medium
C017,2026-08-25,9.4,11,8,2,5,2,2,0.73,0.4,Medium
C017,2026-08-29,6.7,14,8,3,5,3,2,0.57,0.6,Medium
C017,2026-08-24,6.7,14,10,2,5,1,2,0.71,0.4,Medium
C017,2026-08-18,7.4,11,6,1,6,1,3,0.55,0.17,Medium
C017,2026-08-19,7.9,8,6,1,8,2,2,0.75,0.12,Medium
C017,2026-08-15,9.5,14,11,3,7,1,3,0.79,0.43,Medium
C017,2026-08-22,5.3,7,5,3,5,3,1,0.71,0.6,Medium
C017,2026-08-24,8.1,14,10,3,5,4,1,0.71,0.6,Medium
C017,2026-08-25,8.7,14,7,3,3,4,1,0.5,1.0,Medium
C018,2026-09-02,3.8,15,5,3,5,1,3,0.33,0.6,High
C018,2026-08-28,7.3,7,4,2,4,1,2,0.57,0.5,High
C018,2026-08-31,6.9,8,3,3,7,2,2,0.38,0.43,High
C018,2026-09-14,4.8,15,9,4,5,1,1,0.6,0.8,High
C018,2026-08-19,4.4,14,8,4,4,1,3,0.57,1.0,High
C018,2026-08-26,2.7,10,4,2,3,1,2,0.4,0.67,High
C018,2026-09-05,6.9,14,7,4,8,3,2,0.5,0.5,High
C018,2026-08-18,7.3,7,2,5,8,1,3,0.29,0.62,High
C018,2026-08-25,6.9,7,2,7,7,2,3,0.29,1.0,High
C018,2026-08-24,7.7,10,3,2,8,3,2,0.3,0.25,High
C019,2026-08-18,5.9,5,5,0,3,1,2,1.0,0.0,Low
C019,2026-08-17,10.1,15,13,1,8,1,2,0.87,0.12,Low
C019,2026-08-20,7.0,11,11,1,3,3,3,1.0,0.33,Low
C019,2026-08-17,11.0,11,11,1,4,1,1,1.0,0.25,Low
C019,2026-08-20,6.9,12,9,1,5,3,1,0.75,0.2,Low
C019,2026-08-21,9.2,5,5,0,6,4,1,1.0,0.0,Low
C019,2026-08-15,6.4,7,7,0,5,1,3,1.0,0.0,Low
C019,2026-08-16,6.0,7,6,0,7,2,3,0.86,0.0,Low
C019,2026-08-15,10.6,6,5,0,5,1,1,0.83,0.0,Low
C019,2026-08-20,10.5,6,5,0,3,5,3,0.83,0.0,Low
C020,2026-08-20,8.5,6,3,2,3,1,3,0.5,0.67,Medium
C020,2026-08-16,6.2,5,3,2,8,1,3,0.6,0.25,Medium
C020,2026-08-16,4.3,12,9,1,6,1,3,0.75,0.17,Medium
C020,2026-08-23,4.4,11,9,3,5,2,2,0.82,0.6,Medium
C020,2026-08-28,8.3,10,5,3,6,2,2,0.5,0.5,Medium
C020,2026-08-16,4.8,9,5,3,3,1,3,0.56,1.0,Medium
C020,2026-08-25,10.0,12,7,3,7,3,3,0.58,0.43,Medium
C020,2026-08-19,8.8,12,8,3,6,2,1,0.67,0.5,Medium
C020,2026-08-28,5.3,14,10,3,8,3,2,0.71,0.38,Medium
C020,2026-08-29,6.4,10,7,2,4,4,3,0.7,0.5,Medium
C021,2026-08-18,4.2,10,5,4,5,1,1,0.5,0.8,High
C021,2026-09-05,2.6,5,3,2,6,1,1,0.6,0.33,High
C021,2026-09-07,2.4,9,3,8,8,2,3,0.33,1.0,High
C021,2026-09-01,7.2,14,6,2,5,1,2,0.43,0.4,High
C021,2026-09-11,4.1,4,2,4,8,3,3,0.5,0.5,High
C021,2026-08-31,7.1,6,3,4,4,1,2,0.5,1.0,High
C021,2026-09-11,5.4,9,5,2,7,3,2,0.56,0.29,High
C021,2026-09-11,5.3,13,7,6,7,3,3,0.54,0.86,High
C021,2026-09-13,3.6,15,5,4,8,3,2,0.33,0.5,High
C021,2026-09-13,2.9,9,3,2,5,3,3,0.33,0.4,High
C022,2026-08-18,8.7,6,5,0,3,1,2,0.83,0.0,Low
C022,2026-08-18,10.1,9,8,0,6,1,3,0.89,0.0,Low
C022,2026-08-19,9.3,4,3,0,3,2,3,0.75,0.0,Low
C022,2026-08-15,8.1,11,10,1,5,1,2,0.91,0.2,Low
C022,2026-08-16,7.0,5,4,1,7,2,3,0.8,0.14,Low
C022,2026-08-19,7.8,12,9,1,6,4,3,0.75,0.17,Low
C022,2026-08-15,10.4,7,7,1,3,1,2,1.0,0.33,Low
C022,2026-08-17,8.0,5,4,0,5,3,1,0.8,0.0,Low
C022,2026-08-18,10.8,15,13,0,7,4,2,0.87,0.0,Low
C022,2026-08-15,8.2,15,13,0,6,1,1,0.87,0.0,Low
C023,2026-08-28,8.3,13,9,2,5,1,2,0.69,0.4,Medium
C023,2026-08-19,5.0,10,8,1,3,1,3,0.8,0.33,Medium
C023,2026-08-22,4.6,9,6,1,8,2,2,0.67,0.12,Medium
C023,2026-08-24,5.9,12,7,1,6,3,2,0.58,0.17,Medium
C023,2026-08-18,4.7,6,4,1,5,1,3,0.67,0.2,Medium
C023,2026-08-18,7.9,9,7,3,5,1,1,0.78,0.6,Medium
C023,2026-08-18,7.6,6,3,2,3,1,3,0.5,0.67,Medium
C023,2026-08-16,7.4,14,9,2,4,1,3,0.64,0.5,Medium
C023,2026-08-22,7.7,13,9,3,8,4,3,0.69,0.38,Medium
C023,2026-08-20,7.8,11,7,1,4,4,2,0.64,0.25,Medium
C024,2026-09-02,4.7,9,4,2,3,1,1,0.44,0.67,High
C024,2026-08-26,5.0,5,3,2,5,1,2,0.6,0.4,High
C024,2026-09-02,6.9,15,7,2,7,1,3,0.47,0.29,High
C024,2026-08-21,7.7,13,6,5,5,1,2,0.46,1.0,High
C024,2026-08-18,3.0,15,7,2,5,1,1,0.47,0.4,High
C024,2026-09-06,3.0,11,5,6,6,2,2,0.45,1.0,High
C024,2026-09-13,6.1,10,6,5,5,1,1,0.6,1.0,High
C024,2026-09-09,2.6,14,5,4,8,2,3,0.36,0.5,High
C024,2026-08-27,5.5,8,3,3,5,3,1,0.38,0.6,High
C024,2026-09-13,6.3,8,3,5,5,2,1,0.38,1.0,High
C025,2026-08-17,9.7,10,10,1,7,1,3,1.0,0.14,Low
C025,2026-08-20,5.1,5,4,1,7,2,2,0.8,0.14,Low
C025,2026-08-16,12.0,9,7,1,4,1,1,0.78,0.25,Low
C025,2026-08-15,11.1,5,5,0,5,1,3,1.0,0.0,Low
C025,2026-08-16,10.8,10,8,0,7,2,3,0.8,0.0,Low
C025,2026-08-21,7.6,15,11,1,4,5,3,0.73,0.25,Low
C025,2026-08-16,10.5,13,12,1,6,2,1,0.92,0.17,Low
C025,2026-08-19,6.4,8,8,1,4,4,3,1.0,0.25,Low
C025,2026-08-19,8.5,11,10,1,6,4,2,0.91,0.17,Low
C025,2026-08-16,5.4,13,13,0,4,2,2,1.0,0.0,Low
C026,2026-08-28,7.1,12,9,1,5,1,1,0.75,0.2,Medium
C026,2026-08-19,7.1,6,4,2,3,1,2,0.67,0.67,Medium
C026,2026-08-16,6.5,11,9,2,4,1,2,0.82,0.5,Medium
C026,2026-08-23,6.2,7,6,2,5,2,1,0.86,0.4,Medium
C026,2026-08-20,4.9,15,9,3,3,3,1,0.6,1.0,Medium
C026,2026-08-19,6.8,15,11,1,6,2,3,0.73,0.17,Medium
C026,2026-08-15,4.9,4,2,2,3,1,3,0.5,0.67,Medium
C026,2026-08-24,5.4,10,7,1,7,4,1,0.7,0.14,Medium
C026,2026-08-15,6.7,10,7,3,4,1,1,0.7,0.75,Medium
C026,2026-08-28,7.1,13,7,3,6,3,1,0.54,0.5,Medium
C027,2026-09-06,4.1,8,2,3,4,1,3,0.25,0.75,High
C027,2026-08-28,7.8,14,5,4,4,1,1,0.36,1.0,High
C027,2026-09-14,5.0,12,7,6,7,1,1,0.58,0.86,High
C027,2026-08-27,3.5,4,3,5,6,1,1,0.75,0.83,High
C027,2026-08-26,5.8,9,5,2,3,1,3,0.56,0.67,High
C027,2026-09-07,4.0,6,3,2,5,2,3,0.5,0.4,High
C027,2026-08-20,3.1,11,5,7,8,1,1,0.45,0.88,High
C027,2026-08-17,2.3,11,4,2,8,1,1,0.36,0.25,High
C027,2026-09-12,7.9,9,4,3,3,3,3,0.44,1.0,High
C027,2026-08-30,7.2,4,2,3,5,4,1,0.5,0.6,High
C028,2026-08-21,7.6,9,7,1,8,1,2,0.78,0.12,Low
C028,2026-08-20,8.5,10,10,1,6,1,2,1.0,0.17,Low
C028,2026-08-17,5.6,8,7,0,7,1,3,0.88,0.0,Low
C028,2026-08-21,5.6,12,10,1,4,3,3,0.83,0.25,Low
C028,2026-08-17,8.1,11,9,1,5,1,2,0.82,0.2,Low
C028,2026-08-15,11.9,9,7,1,8,1,1,0.78,0.12,Low
C028,2026-08-15,10.6,14,12,1,8,1,3,0.86,0.12,Low
C028,2026-08-16,5.5,6,5,1,3,2,3,0.83,0.33,Low
C028,2026-08-17,9.8,10,9,0,5,3,2,0.9,0.0,Low
C028,2026-08-17,7.8,5,4,0,6,3,3,0.8,0.0,Low
C029,2026-08-19,7.0,5,4,1,4,1,2,0.8,0.25,Medium
C029,2026-08-29,8.2,5,4,2,7,1,1,0.8,0.29,Medium
C029,2026-08-24,4.8,15,8,2,5,2,1,0.53,0.4,Medium
C029,2026-08-22,8.9,15,12,2,4,2,2,0.8,0.5,Medium
C029,2026-08-25,5.7,15,10,1,5,4,2,0.67,0.2,Medium
C029,2026-08-28,7.8,15,12,3,4,4,2,0.8,0.75,Medium
C029,2026-08-23,5.4,5,4,1,4,3,2,0.8,0.25,Medium
C029,2026-08-15,8.8,12,7,3,5,1,3,0.58,0.6,Medium
C029,2026-08-17,10.0,5,3,1,7,2,3,0.6,0.14,Medium
C029,2026-08-22,4.4,10,7,2,7,3,2,0.7,0.29,Medium
C030,2026-09-04,4.1,11,6,3,3,1,3,0.55,1.0,High
C030,2026-09-04,7.5,6,3,3,7,1,1,0.5,0.43,High
C030,2026-09-10,3.0,12,5,2,3,2,3,0.42,0.67,High
C030,2026-08-22,3.5,12,7,4,5,1,3,0.58,0.8,High
C030,2026-09-14,5.7,8,4,3,7,2,1,0.5,0.43,High
C030,2026-08-31,2.9,6,4,6,8,1,3,0.67,0.75,High
C030,2026-09-03,5.4,13,8,4,8,2,1,0.62,0.5,High
C030,2026-08-17,6.6,14,7,3,3,1,2,0.5,1.0,High
C030,2026-09-03,5.3,4,2,5,8,2,3,0.5,0.62,High
C030,2026-09-14,6.1,11,6,3,5,2,2,0.55,0.6,High
C031,2026-08-18,7.9,15,12,0,3,1,2,0.8,0.0,Low
C031,2026-08-16,10.0,13,11,0,5,1,3,0.85,0.0,Low
C031,2026-08-21,8.6,10,9,0,5,3,1,0.9,0.0,Low
C031,2026-08-17,6.7,11,9,0,4,2,1,0.82,0.0,Low
C031,2026-08-15,11.1,10,8,1,5,1,1,0.8,0.2,Low
C031,2026-08-21,6.1,13,10,1,5,5,3,0.77,0.2,Low
C031,2026-08-18,11.6,8,6,1,6,4,3,0.75,0.17,Low
C031,2026-08-18,7.0,7,5,1,4,4,3,0.71,0.25,Low
C031,2026-08-21,5.1,14,12,1,8,5,1,0.86,0.12,Low
C031,2026-08-18,7.6,8,8,1,4,4,2,1.0,0.25,Low
C032,2026-08-15,5.7,12,7,1,7,1,2,0.58,0.14,Medium
C032,2026-08-23,7.7,12,9,2,6,1,3,0.75,0.33,Medium
C032,2026-08-16,9.9,5,3,2,4,2,3,0.6,0.5,Medium
C032,2026-08-20,7.0,7,5,3,4,3,1,0.71,0.75,Medium
C032,2026-08-15,7.1,15,11,2,4,1,1,0.73,0.5,Medium
C032,2026-08-24,5.9,6,5,2,7,3,2,0.83,0.29,Medium
C032,2026-08-24,9.0,8,5,3,8,3,3,0.62,0.38,Medium
C032,2026-08-22,4.1,13,8,2,8,3,2,0.62,0.25,Medium
C032,2026-08-25,9.4,10,6,3,3,5,3,0.6,1.0,Medium
C032,2026-08-25,7.9,13,8,2,3,5,3,0.62,0.67,Medium
C033,2026-09-02,3.0,15,8,2,4,1,3,0.53,0.5,High
C033,2026-09-07,3.5,10,6,3,7,2,3,0.6,0.43,High
C033,2026-09-14,3.9,5,2,3,8,1,1,0.4,0.38,High
C033,2026-08-28,5.7,7,3,5,8,1,2,0.43,0.62,High
C033,2026-09-11,5.1,15,8,2,8,2,3,0.53,0.25,High
C033,2026-08-25,7.7,11,5,6,8,1,2,0.45,0.75,High
C033,2026-09-13,6.6,9,4,6,7,3,3,0.44,0.86,High
C033,2026-09-05,3.2,15,8,4,8,2,1,0.53,0.5,High
C033,2026-08-23,7.9,8,5,3,7,1,2,0.62,0.43,High
C033,2026-09-06,4.9,15,7,4,4,3,3,0.47,1.0,High
C034,2026-08-21,9.7,8,6,1,8,1,2,0.75,0.12,Low
C034,2026-08-18,11.7,6,5,1,5,1,1,0.83,0.2,Low
C034,2026-08-17,6.5,14,13,1,6,1,3,0.93,0.17,Low
C034,2026-08-17,9.3,15,12,1,7,1,3,0.8,0.14,Low
C034,2026-08-16,5.4,4,4,0,4,1,2,1.0,0.0,Low
C034,2026-08-17,6.0,11,10,0,8,2,3,0.91,0.0,Low
C034,2026-08-16,6.4,14,12,1,6,1,2,0.86,0.17,Low
C034,2026-08-17,5.6,14,14,0,5,2,3,1.0,0.0,Low
C034,2026-08-16,6.2,15,15,0,7,1,1,1.0,0.0,Low
C034,2026-08-15,11.7,11,11,0,6,1,2,1.0,0.0,Low
C035,2026-08-29,4.6,4,3,2,3,1,2,0.75,0.67,Medium
C035,2026-08-19,9.3,14,9,3,6,1,1,0.64,0.5,Medium
C035,2026-08-28,4.7,11,6,2,7,1,1,0.55,0.29,Medium
C035,2026-08-26,4.1,14,10,2,6,1,2,0.71,0.33,Medium
C035,2026-08-27,5.1,13,9,3,5,2,3,0.69,0.6,Medium
C035,2026-08-29,6.4,10,6,3,6,4,1,0.6,0.5,Medium
C035,2026-08-17,4.0,11,9,2,4,1,2,0.82,0.5,Medium
C035,2026-08-18,8.3,8,5,2,6,2,1,0.62,0.33,Medium
C035,2026-08-19,8.0,9,5,3,8,3,2,0.56,0.38,Medium
C035,2026-08-19,9.4,10,7,3,4,3,3,0.7,0.75,Medium
C036,2026-09-08,7.6,15,8,2,5,1,2,0.53,0.4,High
C036,2026-09-03,4.7,7,3,2,4,1,3,0.43,0.5,High
C036,2026-08-26,6.5,15,9,6,6,1,3,0.6,1.0,High
C036,2026-09-10,7.2,7,4,4,4,2,1,0.57,1.0,High
C036,2026-08-31,5.4,12,4,4,6,2,1,0.33,0.67,High
C036,2026-09-10,2.9,12,6,3,7,2,2,0.5,0.43,High
C036,2026-09-11,6.3,11,6,2,7,3,2,0.55,0.29,High
C036,2026-08-17,5.1,11,5,2,7,1,2,0.45,0.29,High
C036,2026-09-02,3.8,12,6,3,3,2,1,0.5,1.0,High
C036,2026-08-27,2.3,4,2,3,5,2,2,0.5,0.6,High
C037,2026-08-20,5.5,12,12,0,3,1,2,1.0,0.0,Low
C037,2026-08-15,10.4,10,9,0,5,1,3,0.9,0.0,Low
C037,2026-08-20,11.4,9,8,1,6,2,2,0.89,0.17,Low
C037,2026-08-18,7.4,14,13,0,3,2,1,0.93,0.0,Low
C037,2026-08-19,6.6,12,11,0,6,3,1,0.92,0.0,Low
C037,2026-08-21,8.8,8,7,1,3,5,3,0.88,0.33,Low
C037,2026-08-18,6.9,7,6,1,4,2,3,0.86,0.25,Low
C037,2026-08-21,11.6,4,4,1,3,5,1,1.0,0.33,Low
C037,2026-08-16,8.1,5,4,0,4,2,3,0.8,0.0,Low
C037,2026-08-20,6.6,7,6,0,3,5,1,0.86,0.0,Low
C038,2026-08-27,5.4,6,5,3,3,1,3,0.83,1.0,Medium
C038,2026-08-24,8.9,13,10,3,5,1,1,0.77,0.6,Medium
C038,2026-08-19,5.8,14,8,3,4,1,1,0.57,0.75,Medium
C038,2026-08-23,6.6,15,10,1,7,2,2,0.67,0.14,Medium
C038,2026-08-15,7.1,14,9,3,5,1,3,0.64,0.6,Medium
C038,2026-08-21,8.5,6,4,2,6,3,2,0.67,0.33,Medium
C038,2026-08-18,6.8,8,4,3,4,2,1,0.5,0.75,Medium
C038,2026-08-23,6.3,10,7,3,6,4,2,0.7,0.5,Medium
C038,2026-08-18,9.1,14,11,1,5,2,1,0.79,0.2,Medium
C038,2026-08-23,8.0,7,4,1,8,4,3,0.57,0.12,Medium
C039,2026-08-16,7.2,7,3,2,3,1,2,0.43,0.67,High
C039,2026-08-24,2.7,7,4,2,3,1,2,0.57,0.67,High
C039,2026-09-13,4.4,15,8,4,4,1,1,0.53,1.0,High
C039,2026-09-01,5.9,8,4,5,5,1,2,0.5,1.0,High
C039,2026-08-23,6.8,12,6,5,5,1,3,0.5,1.0,High
C039,2026-08-30,2.3,7,3,4,5,2,1,0.43,0.8,High
C039,2026-09-07,5.5,4,2,3,4,2,3,0.5,0.75,High
C039,2026-08-28,4.3,6,2,3,5,3,1,0.33,0.6,High
C039,2026-08-30,6.6,14,6,7,7,3,2,0.43,1.0,High
C039,2026-09-14,3.0,14,7,7,8,2,2,0.5,0.88,High
C040,2026-08-16,11.2,15,12,1,4,1,3,0.8,0.25,Low
C040,2026-08-15,9.7,4,4,0,7,1,1,1.0,0.0,Low
C040,2026-08-18,6.1,14,11,0,4,3,1,0.79,0.0,Low
C040,2026-08-19,9.7,9,8,0,6,4,3,0.89,0.0,Low
C040,2026-08-18,8.9,11,8,0,8,3,1,0.73,0.0,Low
C040,2026-08-15,7.0,15,13,1,7,1,3,0.87,0.14,Low
C040,2026-08-21,11.4,14,13,1,8,5,1,0.93,0.12,Low
C040,2026-08-15,8.7,6,5,0,7,1,2,0.83,0.0,Low
C040,2026-08-17,8.2,5,5,1,6,3,1,1.0,0.17,Low
C040,2026-08-20,11.0,8,7,0,4,6,1,0.88,0.0,Low
C041,2026-08-16,4.3,10,7,2,6,1,1,0.7,0.33,Medium
C041,2026-08-26,7.9,5,4,2,4,1,2,0.8,0.5,Medium
C041,2026-08-24,9.4,12,7,1,3,1,3,0.58,0.33,Medium
C041,2026-08-29,4.4,11,6,2,7,3,2,0.55,0.29,Medium
C041,2026-08-29,9.6,13,7,3,7,3,2,0.54,0.43,Medium
C041,2026-08-15,8.3,13,9,1,4,1,2,0.69,0.25,Medium
C041,2026-08-29,7.4,8,5,1,3,3,2,0.62,0.33,Medium
C041,2026-08-25,4.8,9,7,2,7,2,3,0.78,0.29,Medium
C041,2026-08-26,4.3,12,10,3,3,3,2,0.83,1.0,Medium
C041,2026-08-18,9.7,9,7,3,3,3,2,0.78,1.0,Medium
C042,2026-09-08,4.7,4,2,4,5,1,1,0.5,0.8,High
C042,2026-08-26,5.5,10,4,5,7,1,2,0.4,0.71,High
C042,2026-08-17,2.5,8,4,3,7,1,1,0.5,0.43,High
C042,2026-08-27,3.9,14,8,3,8,2,1,0.57,0.38,High
C042,2026-08-17,3.6,8,3,3,3,1,1,0.38,1.0,High
C042,2026-08-17,5.1,10,5,3,4,1,1,0.5,0.75,High
C042,2026-08-15,6.7,9,5,2,3,1,2,0.56,0.67,High
C042,2026-08-15,6.3,10,6,5,5,1,3,0.6,1.0,High
C042,2026-09-12,4.3,13,5,4,4,2,1,0.38,1.0,High
C042,2026-08-23,3.0,8,3,5,5,2,2,0.38,1.0,High
C043,2026-08-18,11.6,11,9,0,5,1,3,0.82,0.0,Low
C043,2026-08-20,5.9,13,11,0,6,2,1,0.85,0.0,Low
C043,2026-08-18,7.3,13,12,1,5,1,2,0.92,0.2,Low
C043,2026-08-18,9.2,13,11,0,8,1,3,0.85,0.0,Low
C043,2026-08-16,11.8,9,9,0,6,1,2,1.0,0.0,Low
C043,2026-08-20,10.5,14,14,1,8,3,2,1.0,0.12,Low
C043,2026-08-18,8.9,10,8,1,5,2,3,0.8,0.2,Low
C043,2026-08-19,8.2,14,14,0,4,3,3,1.0,0.0,Low
C043,2026-08-16,10.6,8,8,0,6,1,2,1.0,0.0,Low
C043,2026-08-20,9.6,6,5,1,6,4,3,0.83,0.17,Low
C044,2026-08-21,6.9,5,4,2,6,1,2,0.8,0.33,Medium
C044,2026-08-23,8.7,15,10,2,7,2,2,0.67,0.29,Medium
C044,2026-08-26,4.7,13,10,3,7,3,1,0.77,0.43,Medium
C044,2026-08-25,4.3,9,6,1,8,3,3,0.67,0.12,Medium
C044,2026-08-25,6.6,10,8,2,8,3,1,0.8,0.25,Medium
C044,2026-08-16,7.3,7,5,3,5,1,3,0.71,0.6,Medium
C044,2026-08-24,8.6,11,7,2,4,3,3,0.64,0.5,Medium
C044,2026-08-26,6.9,6,5,2,7,5,2,0.83,0.29,Medium
C044,2026-08-21,5.9,5,3,3,3,2,2,0.6,1.0,Medium
C044,2026-08-27,4.6,12,7,2,4,6,3,0.58,0.5,Medium
C045,2026-09-06,6.9,9,4,2,6,1,1,0.44,0.33,High
C045,2026-08-15,3.0,14,8,2,5,1,3,0.57,0.4,High
C045,2026-08-22,5.4,6,2,6,7,1,2,0.33,0.86,High
C045,2026-08-22,5.9,14,5,3,6,1,2,0.36,0.5,High
C045,2026-08-15,4.6,13,6,3,8,1,1,0.46,0.38,High
C045,2026-09-06,6.9,7,4,3,4,1,1,0.57,0.75,High
C045,2026-09-02,3.2,12,5,2,3,1,1,0.42,0.67,High
C045,2026-08-23,3.9,11,7,6,8,2,2,0.64,0.75,High
C045,2026-09-03,7.1,13,5,2,6,2,3,0.38,0.33,High
C045,2026-08-20,5.7,15,6,8,8,2,1,0.4,1.0,High
C046,2026-08-20,5.8,9,7,0,4,1,2,0.78,0.0,Low
C046,2026-08-20,6.0,12,10,1,4,1,2,0.83,0.25,Low
C046,2026-08-18,8.4,11,10,0,4,1,1,0.91,0.0,Low
C046,2026-08-16,11.7,11,11,0,5,1,2,1.0,0.0,Low
C046,2026-08-16,8.4,10,9,1,4,1,3,0.9,0.25,Low
C046,2026-08-21,5.2,11,8,0,6,4,1,0.73,0.0,Low
C046,2026-08-17,6.2,8,7,0,3,2,2,0.88,0.0,Low
C046,2026-08-19,6.9,11,10,0,8,4,3,0.91,0.0,Low
C046,2026-08-21,8.1,12,11,0,5,6,1,0.92,0.0,Low
C046,2026-08-18,12.0,15,12,0,3,3,2,0.8,0.0,Low
C047,2026-08-19,4.7,5,4,2,5,1,1,0.8,0.4,Medium
C047,2026-08-18,8.3,13,8,3,8,1,3,0.62,0.38,Medium
C047,2026-08-21,8.9,13,10,1,4,3,1,0.77,0.25,Medium
C047,2026-08-24,5.0,12,8,2,5,4,3,0.67,0.4,Medium
C047,2026-08-19,7.1,13,10,2,5,2,3,0.77,0.4,Medium
C047,2026-08-28,10.0,6,5,2,3,2,3,0.83,0.67,Medium
C047,2026-08-17,5.9,6,3,1,8,1,1,0.5,0.12,Medium
C047,2026-08-27,7.8,10,5,2,8,3,3,0.5,0.25,Medium
C047,2026-08-21,9.3,11,8,1,6,4,1,0.73,0.17,Medium
C047,2026-08-21,9.3,15,11,2,7,4,2,0.73,0.29,Medium
C048,2026-09-14,6.6,9,3,6,6,1,3,0.33,1.0,High
C048,2026-08-17,4.1,11,6,7,8,1,1,0.55,0.88,High
C048,2026-09-09,6.9,10,6,3,7,1,2,0.6,0.43,High
C048,2026-08-23,2.8,8,4,4,5,2,2,0.5,0.8,High
C048,2026-09-09,5.8,14,4,2,5,1,2,0.29,0.4,High
C048,2026-08-15,8.0,6,3,3,3,1,2,0.5,1.0,High
C048,2026-08-21,7.2,6,2,7,8,3,2,0.33,0.88,High
C048,2026-08-17,6.0,9,3,4,8,2,3,0.33,0.5,High
C048,2026-08-20,6.5,10,6,3,3,3,2,0.6,1.0,High
C048,2026-09-04,4.9,15,5,2,3,1,1,0.33,0.67,High
C049,2026-08-19,9.9,12,9,1,4,1,1,0.75,0.25,Low
C049,2026-08-21,6.6,15,13,0,6,2,1,0.87,0.0,Low
C049,2026-08-20,7.1,5,4,1,3,2,2,0.8,0.33,Low
C049,2026-08-21,8.9,14,11,0,4,3,3,0.79,0.0,Low
C049,2026-08-20,9.4,11,10,1,4,2,1,0.91,0.25,Low
C049,2026-08-18,5.6,14,14,1,7,1,1,1.0,0.14,Low
C049,2026-08-16,8.0,13,11,1,3,1,1,0.85,0.33,Low
C049,2026-08-16,9.2,14,11,0,5,1,3,0.79,0.0,Low
C049,2026-08-19,9.6,15,14,0,5,3,2,0.93,0.0,Low
C049,2026-08-16,7.1,13,12,0,7,1,1,0.92,0.0,Low
C050,2026-08-27,7.0,11,6,2,4,1,3,0.55,0.5,Medium
C050,2026-08-16,4.8,4,3,2,7,1,3,0.75,0.29,Medium
C050,2026-08-21,6.8,12,7,3,5,2,1,0.58,0.6,Medium
C050,2026-08-15,4.2,5,3,1,7,1,1,0.6,0.14,Medium
C050,2026-08-27,7.0,12,8,2,6,2,2,0.67,0.33,Medium
C050,2026-08-21,7.2,10,7,1,8,3,1,0.7,0.12,Medium
C050,2026-08-19,5.2,8,5,1,3,3,1,0.62,0.33,Medium
C050,2026-08-23,9.0,10,7,3,5,3,3,0.7,0.6,Medium
C050,2026-08-25,9.7,8,5,3,3,4,1,0.62,1.0,Medium
C050,2026-08-15,7.7,5,3,2,4,1,1,0.6,0.5,Medium
C051,2026-08-24,2.7,15,8,7,8,1,3,0.53,0.88,High
C051,2026-08-19,4.1,4,2,3,8,1,3,0.5,0.38,High
C051,2026-09-09,6.5,8,3,3,8,1,2,0.38,0.38,High
C051,2026-09-07,3.6,4,2,3,3,1,1,0.5,1.0,High
C051,2026-08-23,4.7,13,4,7,8,2,2,0.31,0.88,High
C051,2026-08-16,3.5,13,6,3,6,1,1,0.46,0.5,High
C051,2026-09-12,6.4,14,5,7,7,3,1,0.36,1.0,High
C051,2026-08-16,4.3,7,3,2,3,1,1,0.43,0.67,High
C051,2026-08-20,3.5,12,5,3,3,3,3,0.42,1.0,High
C051,2026-08-25,6.0,5,2,4,5,5,1,0.4,0.8,High
C052,2026-08-16,5.5,12,12,0,4,1,2,1.0,0.0,Low
C052,2026-08-21,8.2,8,6,1,5,2,2,0.75,0.2,Low
C052,2026-08-16,6.7,13,12,1,5,1,2,0.92,0.2,Low
C052,2026-08-19,11.5,7,6,0,6,2,1,0.86,0.0,Low
C052,2026-08-16,5.0,9,9,0,7,1,3,1.0,0.0,Low
C052,2026-08-18,8.7,15,12,1,8,2,1,0.8,0.12,Low
C052,2026-08-18,5.7,4,4,0,6,2,1,1.0,0.0,Low
C052,2026-08-21,10.2,10,9,1,7,4,3,0.9,0.14,Low
C052,2026-08-15,9.0,6,5,1,7,1,2,0.83,0.14,Low
C052,2026-08-20,7.2,7,6,1,4,5,2,0.86,0.25,Low
C053,2026-08-26,5.4,9,6,2,8,1,1,0.67,0.25,Medium
C053,2026-08-17,6.7,5,3,1,7,1,2,0.6,0.14,Medium
C053,2026-08-21,5.2,12,9,2,3,2,2,0.75,0.67,Medium
C053,2026-08-22,8.1,5,3,1,5,3,3,0.6,0.2,Medium
C053,2026-08-26,6.0,4,3,1,7,3,1,0.75,0.14,Medium
C053,2026-08-26,8.1,9,6,2,4,3,2,0.67,0.5,Medium
C053,2026-08-28,7.3,4,3,2,4,3,3,0.75,0.5,Medium
C053,2026-08-18,4.8,11,8,1,3,2,1,0.73,0.33,Medium
C053,2026-08-15,6.2,6,4,1,4,1,3,0.67,0.25,Medium
C053,2026-08-25,8.9,13,8,3,3,3,1,0.62,1.0,Medium
C054,2026-08-17,2.6,14,8,3,4,1,2,0.57,0.75,High
C054,2026-08-18,5.4,11,4,2,3,2,3,0.36,0.67,High
C054,2026-08-27,3.0,4,2,5,6,1,1,0.5,0.83,High
C054,2026-09-13,2.9,8,4,3,4,1,3,0.5,0.75,High
C054,2026-09-03,4.5,7,3,7,7,1,3,0.43,1.0,High
C054,2026-08-30,4.5,5,2,3,3,2,3,0.4,1.0,High
C054,2026-09-12,5.3,7,5,7,7,1,1,0.71,1.0,High
C054,2026-08-27,4.9,9,4,5,8,1,3,0.44,0.62,High
C054,2026-08-31,3.9,10,4,4,5,3,1,0.4,0.8,High
C054,2026-08-15,6.6,4,2,5,5,1,1,0.5,1.0,High
C055,2026-08-16,10.7,7,6,0,3,1,3,0.86,0.0,Low
C055,2026-08-15,10.9,13,11,1,4,1,1,0.85,0.25,Low
C055,2026-08-16,9.9,13,12,1,4,2,3,0.92,0.25,Low
C055,2026-08-15,8.9,15,15,1,8,1,3,1.0,0.12,Low
C055,2026-08-16,5.3,12,10,1,6,2,1,0.83,0.17,Low
C055,2026-08-16,5.0,7,6,0,7,2,3,0.86,0.0,Low
C055,2026-08-16,10.9,9,9,0,4,2,2,1.0,0.0,Low
C055,2026-08-15,10.9,6,6,0,3,1,2,1.0,0.0,Low
C055,2026-08-15,7.4,15,13,1,5,1,2,0.87,0.2,Low
C055,2026-08-16,11.7,15,14,1,4,2,3,0.93,0.25,Low
C056,2026-08-20,9.6,15,11,3,4,1,2,0.73,0.75,Medium
C056,2026-08-18,8.4,13,8,1,8,1,2,0.62,0.12,Medium
C056,2026-08-17,9.7,15,12,1,4,1,2,0.8,0.25,Medium
C056,2026-08-28,9.5,4,3,1,7,1,3,0.75,0.14,Medium
C056,2026-08-18,4.8,13,10,1,8,2,3,0.77,0.12,Medium
C056,2026-08-16,9.3,9,5,2,4,1,1,0.56,0.5,Medium
C056,2026-08-28,6.0,14,10,3,8,1,1,0.71,0.38,Medium
C056,2026-08-19,5.5,7,4,3,4,4,1,0.57,0.75,Medium
C056,2026-08-26,6.5,4,3,2,3,2,1,0.75,0.67,Medium
C056,2026-08-29,6.3,11,7,2,6,3,2,0.64,0.33,Medium
C057,2026-09-09,4.7,14,5,7,7,1,1,0.36,1.0,High
C057,2026-08-24,2.4,9,6,3,3,1,1,0.67,1.0,High
C057,2026-09-12,7.4,6,3,2,6,2,1,0.5,0.33,High
C057,2026-08-25,4.6,13,7,5,7,2,3,0.54,0.71,High
C057,2026-08-20,4.0,10,3,3,7,1,1,0.3,0.43,High
C057,2026-08-28,5.2,12,7,7,8,3,3,0.58,0.88,High
C057,2026-08-24,5.4,7,2,2,5,2,2,0.29,0.4,High
C057,2026-08-19,3.8,9,4,2,3,1,3,0.44,0.67,High
C057,2026-09-04,3.2,11,4,3,7,1,3,0.36,0.43,High
C057,2026-08-24,4.4,11,4,2,3,3,2,0.36,0.67,High
C058,2026-08-20,11.2,5,4,1,5,1,2,0.8,0.2,Low
C058,2026-08-16,6.8,4,3,1,6,1,2,0.75,0.17,Low
C058,2026-08-19,7.4,6,5,0,3,2,3,0.83,0.0,Low
C058,2026-08-18,10.7,7,7,0,7,2,2,1.0,0.0,Low
C058,2026-08-19,5.6,11,10,0,8,3,3,0.91,0.0,Low
C058,2026-08-15,10.3,13,10,0,7,1,1,0.77,0.0,Low
C058,2026-08-16,5.5,7,5,0,4,2,3,0.71,0.0,Low
C058,2026-08-18,6.8,14,13,0,4,3,3,0.93,0.0,Low
C058,2026-08-21,8.9,5,4,1,3,6,2,0.8,0.33,Low
C058,2026-08-19,6.0,4,3,1,6,4,3,0.75,0.17,Low
C059,2026-08-24,4.6,5,3,1,7,1,2,0.6,0.14,Medium
C059,2026-08-28,7.9,9,5,2,7,2,3,0.56,0.29,Medium
C059,2026-08-24,4.9,4,2,1,6,1,3,0.5,0.17,Medium
C059,2026-08-25,9.3,10,6,1,8,2,3,0.6,0.12,Medium
C059,2026-08-18,9.4,15,12,2,3,1,1,0.8,0.67,Medium
C059,2026-08-20,9.1,8,6,2,5,2,3,0.75,0.4,Medium
C059,2026-08-16,6.7,6,5,2,4,1,2,0.83,0.5,Medium
C059,2026-08-19,5.1,10,7,3,8,3,1,0.7,0.38,Medium
C059,2026-08-29,9.2,15,11,2,6,4,1,0.73,0.33,Medium
C059,2026-08-23,6.4,5,4,2,4,4,3,0.8,0.5,Medium
C060,2026-09-12,7.0,4,1,3,7,1,1,0.25,0.43,High
C060,2026-08-22,6.2,11,7,2,3,1,2,0.64,0.67,High
C060,2026-08-26,2.7,12,6,5,6,2,1,0.5,0.83,High
C060,2026-08-22,7.2,11,4,5,5,1,3,0.36,1.0,High
C060,2026-09-01,3.6,9,5,3,5,2,3,0.56,0.6,High
C060,2026-08-17,7.1,4,1,5,5,1,1,0.25,1.0,High
C060,2026-09-11,3.6,14,8,2,4,1,2,0.57,0.5,High
C060,2026-08-31,2.8,14,7,2,3,2,1,0.5,0.67,High
C060,2026-09-03,7.7,7,4,3,3,3,3,0.57,1.0,High
C060,2026-09-14,4.3,14,6,4,8,3,2,0.43,0.5,High
C061,2026-08-18,8.6,7,6,1,5,1,3,0.86,0.2,Low
C061,2026-08-18,9.6,5,4,0,7,1,2,0.8,0.0,Low
C061,2026-08-19,5.8,13,11,1,8,2,1,0.85,0.12,Low
C061,2026-08-17,6.8,14,14,1,5,1,3,1.0,0.2,Low
C061,2026-08-20,6.7,7,6,0,5,4,1,0.86,0.0,Low
C061,2026-08-21,10.0,10,9,1,7,5,3,0.9,0.14,Low
C061,2026-08-18,10.2,8,7,1,5,2,3,0.88,0.2,Low
C061,2026-08-20,6.6,7,7,1,7,4,3,1.0,0.14,Low
C061,2026-08-20,10.9,14,12,1,6,4,3,0.86,0.17,Low
C061,2026-08-19,10.2,8,7,0,4,3,3,0.88,0.0,Low
C062,2026-08-27,7.9,6,5,3,7,1,1,0.83,0.43,Medium
C062,2026-08-20,9.3,15,9,2,4,1,2,0.6,0.5,Medium
C062,2026-08-19,6.8,8,6,2,7,1,3,0.75,0.29,Medium
C062,2026-08-24,5.2,13,8,1,7,3,1,0.62,0.14,Medium
C062,2026-08-28,4.3,10,6,3,8,3,1,0.6,0.38,Medium
C062,2026-08-17,9.4,9,7,2,4,1,2,0.78,0.5,Medium
C062,2026-08-17,6.9,15,11,1,5,1,3,0.73,0.2,Medium
C062,2026-08-17,5.6,14,7,1,5,1,1,0.5,0.2,Medium
C062,2026-08-24,6.6,11,6,1,4,3,2,0.55,0.25,Medium
C062,2026-08-21,7.2,11,6,2,6,4,3,0.55,0.33,Medium
C063,2026-08-26,2.0,9,3,2,3,1,3,0.33,0.67,High
C063,2026-08-22,2.6,15,6,3,4,1,3,0.4,0.75,High
C063,2026-09-02,3.8,6,4,2,5,1,2,0.67,0.4,High
C063,2026-08-29,4.6,12,6,6,8,2,3,0.5,0.75,High
C063,2026-08-19,3.0,11,6,4,5,1,2,0.55,0.8,High
C063,2026-08-15,3.3,7,5,4,4,1,1,0.71,1.0,High
C063,2026-09-02,5.9,6,3,2,7,2,1,0.5,0.29,High
C063,2026-08-27,2.3,8,4,8,8,3,1,0.5,1.0,High
C063,2026-09-05,2.7,14,4,2,3,2,2,0.29,0.67,High
C063,2026-08-27,2.9,12,6,3,3,3,3,0.5,1.0,High
C064,2026-08-20,5.7,4,3,1,8,1,3,0.75,0.12,Low
C064,2026-08-17,11.3,13,11,0,7,1,3,0.85,0.0,Low
C064,2026-08-20,5.7,5,4,1,7,2,1,0.8,0.14,Low
C064,2026-08-19,7.9,8,7,0,4,2,1,0.88,0.0,Low
C064,2026-08-15,8.4,11,10,0,7,1,1,0.91,0.0,Low
C064,2026-08-15,10.8,14,14,0,3,1,3,1.0,0.0,Low
C064,2026-08-18,5.7,5,5,0,4,3,2,1.0,0.0,Low
C064,2026-08-20,5.4,11,9,1,4,5,1,0.82,0.25,Low
C064,2026-08-21,7.2,8,8,1,3,6,3,1.0,0.33,Low
C064,2026-08-15,9.6,4,4,0,3,1,1,1.0,0.0,Low
C065,2026-08-20,8.4,11,6,3,5,1,2,0.55,0.6,Medium
C065,2026-08-28,9.8,6,4,1,5,1,2,0.67,0.2,Medium
C065,2026-08-28,7.9,15,11,2,6,1,1,0.73,0.33,Medium
C065,2026-08-16,9.7,15,8,3,4,1,1,0.53,0.75,Medium
C065,2026-08-16,8.1,13,10,2,6,1,1,0.77,0.33,Medium
C065,2026-08-24,8.1,9,5,3,6,2,3,0.56,0.5,Medium
C065,2026-08-29,6.5,11,6,2,4,3,1,0.55,0.5,Medium
C065,2026-08-16,9.2,14,7,2,5,1,3,0.5,0.4,Medium
C065,2026-08-27,9.9,13,9,3,8,2,3,0.69,0.38,Medium
C065,2026-08-28,7.7,12,8,3,5,3,2,0.67,0.6,Medium
C066,2026-09-05,6.1,7,3,5,8,1,2,0.43,0.62,High
C066,2026-08-19,7.6,13,4,2,7,1,3,0.31,0.29,High
C066,2026-09-11,4.9,11,4,3,6,2,1,0.36,0.5,High
C066,2026-08-25,4.3,4,2,3,5,2,1,0.5,0.6,High
C066,2026-08-17,7.1,11,5,6,6,1,2,0.45,1.0,High
C066,2026-08-25,4.5,11,4,2,3,2,3,0.36,0.67,High
C066,2026-09-01,5.4,5,3,3,3,1,3,0.6,1.0,High
C066,2026-09-05,6.9,9,5,4,6,2,2,0.56,0.67,High
C066,2026-08-25,5.9,13,6,6,7,2,3,0.46,0.86,High
C066,2026-08-29,4.1,5,2,2,3,2,3,0.4,0.67,High
C067,2026-08-21,5.3,12,11,1,5,1,1,0.92,0.2,Low
C067,2026-08-18,9.3,15,12,1,4,1,1,0.8,0.25,Low
C067,2026-08-15,6.3,7,7,1,6,1,2,1.0,0.17,Low
C067,2026-08-15,8.2,4,4,0,6,1,3,1.0,0.0,Low
C067,2026-08-19,10.2,6,5,1,7,3,3,0.83,0.14,Low
C067,2026-08-18,6.2,11,10,0,7,2,1,0.91,0.0,Low
C067,2026-08-15,7.7,14,12,1,6,1,3,0.86,0.17,Low
C067,2026-08-20,11.8,8,8,1,4,4,2,1.0,0.25,Low
C067,2026-08-21,11.2,6,5,1,4,5,3,0.83,0.25,Low
C067,2026-08-17,11.5,12,11,1,8,2,3,0.92,0.12,Low
C068,2026-08-18,8.1,7,5,3,4,1,3,0.71,0.75,Medium
C068,2026-08-17,8.2,14,9,1,8,1,2,0.64,0.12,Medium
C068,2026-08-26,7.4,9,6,3,3,1,3,0.67,1.0,Medium
C068,2026-08-26,7.2,14,11,3,6,1,2,0.79,0.5,Medium
C068,2026-08-27,4.9,12,6,1,3,2,3,0.5,0.33,Medium
C068,2026-08-15,8.1,8,6,1,4,1,1,0.75,0.25,Medium
C068,2026-08-28,7.2,15,8,2,3,3,2,0.53,0.67,Medium
C068,2026-08-28,8.4,5,4,3,6,3,1,0.8,0.5,Medium
C068,2026-08-26,8.7,12,7,2,8,1,3,0.58,0.25,Medium
C068,2026-08-19,6.3,14,11,1,8,4,3,0.79,0.12,Medium
C069,2026-08-25,3.2,4,2,2,7,1,2,0.5,0.29,High
C069,2026-09-10,4.2,14,8,4,4,1,3,0.57,1.0,High
C069,2026-09-01,7.8,13,7,3,8,1,2,0.54,0.38,High
C069,2026-08-29,3.0,14,5,2,4,2,3,0.36,0.5,High
C069,2026-08-18,3.6,4,2,5,6,1,1,0.5,0.83,High
C069,2026-09-02,7.6,4,2,4,5,3,1,0.5,0.8,High
C069,2026-08-19,5.8,13,7,2,5,2,3,0.54,0.4,High
C069,2026-08-24,6.7,13,6,6,6,3,2,0.46,1.0,High
C069,2026-08-31,5.0,6,2,4,4,3,2,0.33,1.0,High
C069,2026-09-01,7.3,10,4,2,7,3,3,0.4,0.29,High
C070,2026-08-17,10.3,9,7,1,5,1,3,0.78,0.2,Low
C070,2026-08-18,7.4,14,11,0,7,2,1,0.79,0.0,Low
C070,2026-08-20,9.8,13,13,0,7,3,2,1.0,0.0,Low
C070,2026-08-18,7.0,10,9,1,3,2,3,0.9,0.33,Low
C070,2026-08-21,7.1,12,10,1,5,4,3,0.83,0.2,Low
C070,2026-08-16,6.2,12,12,0,5,1,3,1.0,0.0,Low
C070,2026-08-19,9.4,14,11,0,3,4,1,0.79,0.0,Low
C070,2026-08-21,10.8,10,8,0,8,6,3,0.8,0.0,Low
C070,2026-08-21,6.1,14,13,0,6,6,2,0.93,0.0,Low
C070,2026-08-20,6.2,4,3,0,5,5,2,0.75,0.0,Low
C071,2026-08-23,6.4,13,10,1,3,1,2,0.77,0.33,Medium
C071,2026-08-25,8.0,10,5,2,6,2,3,0.5,0.33,Medium
C071,2026-08-15,8.5,15,8,3,8,1,1,0.53,0.38,Medium
C071,2026-08-26,8.7,9,5,3,3,3,2,0.56,1.0,Medium
C071,2026-08-24,8.9,8,5,2,3,2,1,0.62,0.67,Medium
C071,2026-08-22,6.3,12,6,1,4,1,3,0.5,0.25,Medium
C071,2026-08-19,9.5,6,4,2,8,2,3,0.67,0.25,Medium
C071,2026-08-25,4.8,4,3,3,5,5,1,0.75,0.6,Medium
C071,2026-08-15,9.7,13,9,2,7,1,2,0.69,0.29,Medium
C071,2026-08-18,6.5,15,9,3,8,2,3,0.6,0.38,Medium
C072,2026-09-11,5.7,6,2,3,7,1,2,0.33,0.43,High
C072,2026-08-21,7.6,6,4,2,3,1,3,0.67,0.67,High
C072,2026-08-29,2.4,12,5,2,8,1,1,0.42,0.25,High
C072,2026-08-21,4.1,13,8,5,8,1,3,0.62,0.62,High
C072,2026-09-04,7.4,5,3,3,4,2,2,0.6,0.75,High
C072,2026-08-30,6.2,9,5,6,6,2,1,0.56,1.0,High
C072,2026-09-02,3.0,9,6,4,7,3,2,0.67,0.57,High
C072,2026-08-22,3.7,15,8,4,4,2,2,0.53,1.0,High
C072,2026-08-19,4.8,15,9,4,8,1,2,0.6,0.5,High
C072,2026-09-08,5.6,11,4,2,5,3,2,0.36,0.4,High
C073,2026-08-21,11.2,12,10,0,4,1,1,0.83,0.0,Low
C073,2026-08-20,9.1,4,4,0,3,1,3,1.0,0.0,Low
C073,2026-08-16,12.0,12,11,1,3,1,2,0.92,0.33,Low
C073,2026-08-20,10.4,9,7,1,4,2,3,0.78,0.25,Low
C073,2026-08-21,5.6,6,5,1,5,3,2,0.83,0.2,Low
C073,2026-08-19,10.6,14,13,0,3,2,3,0.93,0.0,Low
C073,2026-08-20,6.3,12,10,0,4,3,3,0.83,0.0,Low
C073,2026-08-20,5.3,15,15,1,4,3,2,1.0,0.25,Low
C073,2026-08-16,9.7,8,6,1,3,1,3,0.75,0.33,Low
C073,2026-08-21,11.2,10,10,1,5,4,1,1.0,0.2,Low
C074,2026-08-25,7.8,5,4,3,5,1,2,0.8,0.6,Medium
C074,2026-08-28,5.0,8,5,3,8,2,3,0.62,0.38,Medium
C074,2026-08-21,4.5,13,10,3,5,1,2,0.77,0.6,Medium
C074,2026-08-21,9.2,12,7,2,4,1,2,0.58,0.5,Medium
C074,2026-08-27,4.8,13,8,1,6,3,1,0.62,0.17,Medium
C074,2026-08-18,4.9,12,7,3,3,1,1,0.58,1.0,Medium
C074,2026-08-20,6.5,15,10,1,7,2,2,0.67,0.14,Medium
C074,2026-08-26,5.3,11,7,3,3,4,1,0.64,1.0,Medium
C074,2026-08-25,7.4,4,2,1,6,3,1,0.5,0.17,Medium
C074,2026-08-17,4.9,12,9,1,8,1,1,0.75,0.12,Medium
C075,2026-08-23,5.4,12,6,3,4,1,1,0.5,0.75,High
C075,2026-09-12,7.7,15,9,7,8,1,1,0.6,0.88,High
C075,2026-08-29,7.0,11,4,5,7,2,3,0.36,0.71,High
C075,2026-08-19,3.6,6,3,6,7,1,3,0.5,0.86,High
C075,2026-09-05,4.3,11,4,2,5,1,1,0.36,0.4,High
C075,2026-08-15,7.0,12,6,4,4,1,3,0.5,1.0,High
C075,2026-08-18,7.3,11,6,4,4,2,3,0.55,1.0,High
C075,2026-08-31,7.4,5,3,3,3,2,3,0.6,1.0,High
C075,2026-09-10,4.2,14,7,3,3,2,1,0.5,1.0,High
C075,2026-09-06,4.9,10,6,3,7,3,2,0.6,0.43,High
C076,2026-08-17,6.8,15,13,0,7,1,1,0.87,0.0,Low
C076,2026-08-21,5.0,8,7,1,3,2,3,0.88,0.33,Low
C076,2026-08-21,7.6,13,11,0,3,2,1,0.85,0.0,Low
C076,2026-08-20,8.0,10,8,1,5,2,3,0.8,0.2,Low
C076,2026-08-17,9.3,12,11,1,5,1,3,0.92,0.2,Low
C076,2026-08-18,8.9,10,8,1,4,2,2,0.8,0.25,Low
C076,2026-08-17,7.8,13,12,1,5,1,1,0.92,0.2,Low
C076,2026-08-21,9.9,5,4,0,8,4,1,0.8,0.0,Low
C076,2026-08-15,10.6,12,11,1,4,1,3,0.92,0.25,Low
C076,2026-08-20,11.8,15,12,0,8,4,1,0.8,0.0,Low
C077,2026-08-27,6.6,6,5,2,3,1,1,0.83,0.67,Medium
C077,2026-08-19,8.3,9,6,1,4,1,2,0.67,0.25,Medium
C077,2026-08-24,7.6,12,9,2,8,2,1,0.75,0.25,Medium
C077,2026-08-25,7.9,11,6,1,6,3,3,0.55,0.17,Medium
C077,2026-08-19,8.2,4,3,3,4,1,3,0.75,0.75,Medium
C077,2026-08-17,4.0,4,2,2,8,1,1,0.5,0.25,Medium
C077,2026-08-16,6.4,10,7,2,5,1,1,0.7,0.4,Medium
C077,2026-08-23,4.5,15,8,3,3,3,2,0.53,1.0,Medium
C077,2026-08-26,8.9,13,8,2,7,4,1,0.62,0.29,Medium
C077,2026-08-24,5.6,11,7,2,4,3,2,0.64,0.5,Medium
C078,2026-08-31,4.0,12,6,2,3,1,1,0.5,0.67,High
C078,2026-09-09,5.4,8,5,6,7,1,3,0.62,0.86,High
C078,2026-08-29,6.5,13,7,5,6,1,2,0.54,0.83,High
C078,2026-09-05,3.5,13,6,2,6,2,2,0.46,0.33,High
C078,2026-09-04,3.9,14,5,4,4,3,2,0.36,1.0,High
C078,2026-08-31,3.5,4,2,7,7,2,1,0.5,1.0,High
C078,2026-08-27,5.3,15,6,8,8,1,1,0.4,1.0,High
C078,2026-08-30,3.6,9,6,3,5,3,3,0.67,0.6,High
C078,2026-09-05,6.4,11,4,4,4,4,2,0.36,1.0,High
C078,2026-08-21,4.1,7,4,2,4,1,1,0.57,0.5,High
C079,2026-08-15,10.3,14,13,1,3,1,3,0.93,0.33,Low
C079,2026-08-15,11.9,9,8,1,6,1,3,0.89,0.17,Low
C079,2026-08-21,11.4,11,11,0,5,2,2,1.0,0.0,Low
C079,2026-08-18,10.6,13,10,0,4,2,2,0.77,0.0,Low
C079,2026-08-19,9.8,12,10,1,3,3,1,0.83,0.33,Low
C079,2026-08-18,5.1,15,12,1,3,2,3,0.8,0.33,Low
C079,2026-08-16,9.3,13,11,0,6,2,2,0.85,0.0,Low
C079,2026-08-16,11.7,8,7,0,7,2,2,0.88,0.0,Low
C079,2026-08-17,9.9,11,9,1,4,3,2,0.82,0.25,Low
C079,2026-08-17,5.9,8,6,1,6,3,3,0.75,0.17,Low
C080,2026-08-25,5.4,5,3,3,4,1,2,0.6,0.75,Medium
C080,2026-08-28,8.4,7,5,1,6,2,2,0.71,0.17,Medium
C080,2026-08-27,10.0,6,4,2,3,2,3,0.67,0.67,Medium
C080,2026-08-23,5.8,15,11,2,7,1,3,0.73,0.29,Medium
C080,2026-08-28,5.0,4,2,2,7,4,1,0.5,0.29,Medium
C080,2026-08-28,8.5,11,6,3,5,4,2,0.55,0.6,Medium
C080,2026-08-20,5.5,12,9,3,5,1,1,0.75,0.6,Medium
C080,2026-08-21,5.2,9,7,3,3,2,3,0.78,1.0,Medium
C080,2026-08-25,5.7,12,10,1,8,4,2,0.83,0.12,Medium
C080,2026-08-25,4.5,11,7,3,7,4,3,0.64,0.43,Medium
C081,2026-08-24,5.8,14,8,3,6,1,2,0.57,0.5,High
C081,2026-08-28,7.4,13,6,6,8,2,1,0.46,0.75,High
C081,2026-08-20,3.7,7,3,4,5,1,2,0.43,0.8,High
C081,2026-09-03,6.7,10,6,4,8,2,2,0.6,0.5,High
C081,2026-09-07,3.1,12,5,5,7,2,1,0.42,0.71,High
C081,2026-08-19,6.5,7,3,7,8,1,3,0.43,0.88,High
C081,2026-08-17,2.4,6,2,3,4,1,2,0.33,0.75,High
C081,2026-09-01,8.0,4,2,3,3,2,1,0.5,1.0,High
C081,2026-08-23,7.3,6,3,2,7,4,2,0.5,0.29,High
C081,2026-08-22,2.8,15,7,3,4,4,3,0.47,0.75,High
C082,2026-08-21,11.0,4,4,0,4,1,2,1.0,0.0,Low
C082,2026-08-21,5.9,11,10,1,6,1,3,0.91,0.17,Low
C082,2026-08-19,9.5,13,12,1,4,1,3,0.92,0.25,Low
C082,2026-08-18,8.4,14,14,1,7,1,1,1.0,0.14,Low
C082,2026-08-21,6.8,11,9,1,3,3,2,0.82,0.33,Low
C082,2026-08-15,8.3,12,10,0,3,1,1,0.83,0.0,Low
C082,2026-08-20,8.0,11,8,1,6,4,2,0.73,0.17,Low
C082,2026-08-19,11.2,4,3,1,4,3,2,0.75,0.25,Low
C082,2026-08-18,6.5,6,6,1,4,2,1,1.0,0.25,Low
C082,2026-08-18,10.2,7,6,1,8,2,2,0.86,0.12,Low
C083,2026-08-21,4.7,5,3,1,4,1,2,0.6,0.25,Medium
C083,2026-08-24,5.1,8,5,3,6,2,1,0.62,0.5,Medium
C083,2026-08-17,4.6,12,7,1,3,1,2,0.58,0.33,Medium
C083,2026-08-17,4.5,11,6,3,8,1,1,0.55,0.38,Medium
C083,2026-08-22,8.8,9,5,2,4,3,2,0.56,0.5,Medium
C083,2026-08-22,8.5,4,2,2,8,3,1,0.5,0.25,Medium
C083,2026-08-15,5.1,10,7,1,5,1,2,0.7,0.2,Medium
C083,2026-08-28,8.3,4,3,1,6,3,2,0.75,0.17,Medium
C083,2026-08-27,5.2,7,6,3,6,4,3,0.86,0.5,Medium
C083,2026-08-27,6.8,12,10,3,3,4,3,0.83,1.0,Medium
C084,2026-09-14,2.3,9,5,3,5,1,3,0.56,0.6,High
C084,2026-08-31,3.2,8,4,3,3,1,1,0.5,1.0,High
C084,2026-09-11,4.6,7,3,2,8,1,1,0.43,0.25,High
C084,2026-08-20,3.5,13,6,2,5,1,1,0.46,0.4,High
C084,2026-09-02,4.2,11,6,7,8,2,1,0.55,0.88,High
C084,2026-08-22,4.0,11,6,2,4,2,3,0.55,0.5,High
C084,2026-08-16,6.7,9,5,2,3,1,1,0.56,0.67,High
C084,2026-08-30,6.5,9,5,4,4,1,2,0.56,1.0,High
C084,2026-09-07,6.3,4,2,4,4,2,2,0.5,1.0,High
C084,2026-09-12,5.3,11,5,3,3,3,2,0.45,1.0,High
C085,2026-08-16,8.3,6,5,1,7,1,3,0.83,0.14,Low
C085,2026-08-21,8.1,6,5,0,7,2,2,0.83,0.0,Low
C085,2026-08-19,8.5,11,10,0,5,2,3,0.91,0.0,Low
C085,2026-08-16,6.7,13,12,1,3,1,3,0.92,0.33,Low
C085,2026-08-15,9.8,12,10,1,8,1,3,0.83,0.12,Low
C085,2026-08-16,7.3,8,7,1,7,2,1,0.88,0.14,Low
C085,2026-08-19,5.9,5,5,0,8,3,1,1.0,0.0,Low
C085,2026-08-16,9.0,11,9,0,3,2,2,0.82,0.0,Low
C085,2026-08-20,6.5,12,9,1,6,4,3,0.75,0.17,Low
C085,2026-08-15,10.8,7,7,1,3,1,2,1.0,0.33,Low
C086,2026-08-27,9.6,4,3,2,8,1,2,0.75,0.25,Medium
C086,2026-08-28,5.6,15,11,1,5,2,1,0.73,0.2,Medium
C086,2026-08-26,9.8,8,6,1,3,1,1,0.75,0.33,Medium
C086,2026-08-16,5.2,7,4,3,8,1,3,0.57,0.38,Medium
C086,2026-08-18,7.3,14,9,1,7,2,3,0.64,0.14,Medium
C086,2026-08-16,8.2,13,9,2,8,1,2,0.69,0.25,Medium
C086,2026-08-29,7.0,6,4,1,3,4,3,0.67,0.33,Medium
C086,2026-08-17,9.4,13,10,2,7,2,3,0.77,0.29,Medium
C086,2026-08-20,8.4,10,6,3,5,4,3,0.6,0.6,Medium
C086,2026-08-18,7.3,12,7,1,7,3,3,0.58,0.14,Medium
C087,2026-08-23,2.0,11,7,5,5,1,1,0.64,1.0,High
C087,2026-08-24,7.3,4,1,6,7,2,1,0.25,0.86,High
C087,2026-08-24,6.9,7,2,3,4,2,3,0.29,0.75,High
C087,2026-09-10,4.8,12,4,3,5,1,1,0.33,0.6,High
C087,2026-08-19,6.9,9,3,3,5,1,1,0.33,0.6,High
C087,2026-09-02,6.3,13,7,3,6,1,2,0.54,0.5,High
C087,2026-08-20,2.6,15,9,6,6,2,3,0.6,1.0,High
C087,2026-08-24,2.3,15,5,3,3,4,2,0.33,1.0,High
C087,2026-08-26,3.4,10,6,2,6,4,3,0.6,0.33,High
C087,2026-09-11,4.3,4,2,7,7,2,2,0.5,1.0,High
C088,2026-08-19,9.9,9,7,0,3,1,1,0.78,0.0,Low
C088,2026-08-15,10.3,15,15,1,8,1,3,1.0,0.12,Low
C088,2026-08-19,7.8,7,6,1,3,2,1,0.86,0.33,Low
C088,2026-08-17,6.8,11,10,0,3,2,2,0.91,0.0,Low
C088,2026-08-19,8.4,15,14,0,6,3,1,0.93,0.0,Low
C088,2026-08-18,12.0,14,12,0,6,3,3,0.86,0.0,Low
C088,2026-08-16,7.3,5,5,1,4,2,3,1.0,0.25,Low
C088,2026-08-15,7.4,14,12,1,3,1,2,0.86,0.33,Low
C088,2026-08-17,6.2,14,13,0,7,3,2,0.93,0.0,Low
C088,2026-08-19,11.5,13,11,0,6,5,1,0.85,0.0,Low
C089,2026-08-18,9.1,9,7,1,8,1,1,0.78,0.12,Medium
C089,2026-08-26,9.2,7,5,3,3,1,2,0.71,1.0,Medium
C089,2026-08-15,6.8,15,9,1,5,1,2,0.6,0.2,Medium
C089,2026-08-18,7.1,12,7,1,8,2,2,0.58,0.12,Medium
C089,2026-08-23,8.2,13,10,3,6,2,3,0.77,0.5,Medium
C089,2026-08-15,5.5,13,9,3,6,1,1,0.69,0.5,Medium
C089,2026-08-19,6.8,15,9,3,4,3,1,0.6,0.75,Medium
C089,2026-08-16,9.5,14,10,2,6,2,2,0.71,0.33,Medium
C089,2026-08-28,7.9,4,3,2,3,3,1,0.75,0.67,Medium
C089,2026-08-21,6.9,15,12,1,7,5,3,0.8,0.14,Medium
C090,2026-09-01,4.7,6,3,2,3,1,3,0.5,0.67,High
C090,2026-08-15,4.4,7,3,3,3,1,1,0.43,1.0,High
C090,2026-08-15,3.8,14,6,4,5,1,3,0.43,0.8,High
C090,2026-08-23,7.3,14,9,3,3,1,1,0.64,1.0,High
C090,2026-09-14,7.4,8,3,3,7,1,3,0.38,0.43,High
C090,2026-08-19,6.1,15,7,3,3,2,3,0.47,1.0,High
C090,2026-09-05,4.6,10,5,2,4,2,2,0.5,0.5,High
C090,2026-09-13,3.2,9,4,5,7,1,1,0.44,0.71,High
C090,2026-09-02,3.9,14,8,3,7,2,3,0.57,0.43,High
C090,2026-09-12,7.9,6,4,5,7,1,1,0.67,0.71,High
C091,2026-08-20,8.7,6,5,1,7,1,3,0.83,0.14,Low
C091,2026-08-15,10.4,9,8,0,4,1,2,0.89,0.0,Low
C091,2026-08-18,6.3,11,9,1,5,2,1,0.82,0.2,Low
C091,2026-08-16,9.3,13,12,1,3,2,3,0.92,0.33,Low
C091,2026-08-16,9.8,14,12,0,4,2,2,0.86,0.0,Low
C091,2026-08-16,7.6,13,12,1,7,2,2,0.92,0.14,Low
C091,2026-08-18,5.2,6,5,0,6,3,1,0.83,0.0,Low
C091,2026-08-17,5.5,7,7,0,6,3,2,1.0,0.0,Low
C091,2026-08-21,11.2,11,11,1,7,6,2,1.0,0.14,Low
C091,2026-08-18,7.8,13,12,1,3,4,3,0.92,0.33,Low
C092,2026-08-24,8.2,12,8,3,7,1,1,0.67,0.43,Medium
C092,2026-08-23,4.3,11,8,2,3,1,1,0.73,0.67,Medium
C092,2026-08-23,6.3,10,5,3,7,1,3,0.5,0.43,Medium
C092,2026-08-15,5.8,8,5,2,4,1,2,0.62,0.5,Medium
C092,2026-08-22,4.3,10,7,2,4,1,3,0.7,0.5,Medium
C092,2026-08-29,8.3,11,7,3,4,3,1,0.64,0.75,Medium
C092,2026-08-17,6.5,15,8,3,7,2,2,0.53,0.43,Medium
C092,2026-08-15,9.4,11,8,3,4,1,2,0.73,0.75,Medium
C092,2026-08-16,8.3,9,6,3,5,2,1,0.67,0.6,Medium
C092,2026-08-26,6.7,5,3,1,8,4,2,0.6,0.12,Medium
C093,2026-08-17,7.9,15,8,5,7,1,3,0.53,0.71,High
C093,2026-09-14,6.6,10,4,4,4,1,2,0.4,1.0,High
C093,2026-09-02,3.1,6,4,3,8,1,3,0.67,0.38,High
C093,2026-08-16,7.8,8,4,4,6,1,2,0.5,0.67,High
C093,2026-09-04,2.0,5,3,2,4,2,2,0.6,0.5,High
C093,2026-08-15,2.0,11,5,5,6,1,2,0.45,0.83,High
C093,2026-08-22,4.5,13,6,4,4,3,1,0.46,1.0,High
C093,2026-09-03,3.7,4,2,3,7,2,3,0.5,0.43,High
C093,2026-09-01,5.9,4,1,2,4,1,1,0.25,0.5,High
C093,2026-08-19,2.5,14,6,3,3,4,1,0.43,1.0,High
C094,2026-08-18,9.8,6,5,1,4,1,3,0.83,0.25,Low
C094,2026-08-19,7.5,6,6,1,7,2,1,1.0,0.14,Low
C094,2026-08-15,10.7,9,9,1,5,1,2,1.0,0.2,Low
C094,2026-08-21,5.9,5,4,1,7,4,2,0.8,0.14,Low
C094,2026-08-17,9.3,10,9,0,7,2,1,0.9,0.0,Low
C094,2026-08-19,9.8,14,12,0,8,4,3,0.86,0.0,Low
C094,2026-08-17,9.0,13,11,1,6,2,3,0.85,0.17,Low
C094,2026-08-17,9.4,13,11,1,4,2,2,0.85,0.25,Low
C094,2026-08-21,11.9,13,12,0,4,5,1,0.92,0.0,Low
C094,2026-08-15,6.5,11,10,0,3,1,3,0.91,0.0,Low
C095,2026-08-21,8.8,4,2,2,6,1,1,0.5,0.33,Medium
C095,2026-08-15,8.7,7,4,3,8,1,2,0.57,0.38,Medium
C095,2026-08-19,4.7,12,9,2,7,2,2,0.75,0.29,Medium
C095,2026-08-20,4.2,15,10,3,6,3,1,0.67,0.5,Medium
C095,2026-08-18,6.8,9,6,3,5,2,1,0.67,0.6,Medium
C095,2026-08-25,9.4,11,8,1,4,4,3,0.73,0.25,Medium
C095,2026-08-29,4.3,11,9,2,5,2,3,0.82,0.4,Medium
C095,2026-08-19,7.2,15,9,3,7,3,1,0.6,0.43,Medium
C095,2026-08-24,4.9,9,5,2,8,5,1,0.56,0.25,Medium
C095,2026-08-20,7.4,14,11,3,6,4,2,0.79,0.5,Medium
C096,2026-08-20,3.9,5,3,4,7,1,1,0.6,0.57,High
C096,2026-08-23,4.2,5,3,5,6,2,2,0.6,0.83,High
C096,2026-08-21,6.7,8,3,3,7,2,1,0.38,0.43,High
C096,2026-09-13,7.4,11,6,2,3,1,1,0.55,0.67,High
C096,2026-08-21,2.9,11,6,4,5,2,1,0.55,0.8,High
C096,2026-09-10,2.2,14,5,3,7,1,2,0.36,0.43,High
C096,2026-09-06,2.3,5,2,2,7,1,3,0.4,0.29,High
C096,2026-09-11,2.6,9,6,3,3,3,3,0.67,1.0,High
C096,2026-09-07,3.3,4,2,4,5,2,1,0.5,0.8,High
C096,2026-08-21,6.0,8,5,4,5,2,2,0.62,0.8,High
C097,2026-08-16,9.4,8,6,0,4,1,3,0.75,0.0,Low
C097,2026-08-15,6.9,12,11,1,4,1,3,0.92,0.25,Low
C097,2026-08-21,7.2,13,10,0,5,3,2,0.77,0.0,Low
C097,2026-08-19,11.3,4,3,0,6,3,1,0.75,0.0,Low
C097,2026-08-15,6.3,4,3,0,6,1,3,0.75,0.0,Low
C097,2026-08-19,7.2,15,14,1,8,3,1,0.93,0.12,Low
C097,2026-08-20,10.3,12,12,0,8,4,2,1.0,0.0,Low
C097,2026-08-19,7.2,5,4,1,4,3,3,0.8,0.25,Low
C097,2026-08-20,6.0,11,11,0,6,4,3,1.0,0.0,Low
C097,2026-08-17,9.7,10,9,0,5,3,2,0.9,0.0,Low
C098,2026-08-22,6.1,4,3,1,6,1,2,0.75,0.17,Medium
C098,2026-08-28,4.8,8,5,2,4,2,1,0.62,0.5,Medium
C098,2026-08-21,4.4,5,3,2,8,1,2,0.6,0.25,Medium
C098,2026-08-23,7.7,10,6,3,6,3,3,0.6,0.5,Medium
C098,2026-08-17,8.9,10,6,1,6,1,3,0.6,0.17,Medium
C098,2026-08-21,5.4,13,9,2,6,2,3,0.69,0.33,Medium
C098,2026-08-25,6.9,15,10,3,3,4,3,0.67,1.0,Medium
C098,2026-08-24,6.7,9,5,3,6,4,2,0.56,0.5,Medium
C098,2026-08-21,7.6,13,9,1,3,2,2,0.69,0.33,Medium
C098,2026-08-20,5.3,14,7,3,6,2,1,0.5,0.5,Medium
C099,2026-09-12,6.0,14,8,2,7,1,2,0.57,0.29,High
C099,2026-09-01,6.1,10,4,5,5,1,2,0.4,1.0,High
C099,2026-08-24,7.6,14,9,4,7,1,3,0.64,0.57,High
C099,2026-09-13,5.1,5,3,2,5,2,1,0.6,0.4,High
C099,2026-09-11,7.8,4,2,4,5,1,1,0.5,0.8,High
C099,2026-09-06,7.2,9,5,2,7,2,1,0.56,0.29,High
C099,2026-08-28,6.3,13,7,5,8,2,2,0.54,0.62,High
C099,2026-08-27,4.8,12,6,3,6,2,1,0.5,0.5,High
C099,2026-09-01,8.0,9,3,5,6,3,3,0.33,0.83,High
C099,2026-08-19,2.9,4,2,2,4,1,2,0.5,0.5,High
C100,2026-08-20,10.6,6,5,0,6,1,2,0.83,0.0,Low
C100,2026-08-21,8.2,13,12,1,8,2,2,0.92,0.12,Low
C100,2026-08-19,8.0,10,8,1,6,1,1,0.8,0.17,Low
C100,2026-08-19,6.9,15,14,0,6,1,3,0.93,0.0,Low
C100,2026-08-19,9.9,4,4,0,5,1,1,1.0,0.0,Low
C100,2026-08-19,10.1,15,12,0,6,1,2,0.8,0.0,Low
C100,2026-08-18,9.4,5,4,0,7,1,3,0.8,0.0,Low
C100,2026-08-20,11.3,14,13,1,3,3,3,0.93,0.33,Low
C100,2026-08-21,8.3,11,10,1,3,4,3,0.91,0.33,Low
C100,2026-08-17,5.2,9,7,1,6,1,3,0.78,0.17,Low
